sample,seconds,frames,fps,p50_ms,p95_ms,p99_ms,unity_allocated_mb,unity_reserved_mb,managed_mb,working_set_mb,state
1,60.02059,65060,1083.961,0.7726049,1.444296,3.018601,198.63178062439,544.375,3.76171875,,MoveSelectionState
2,120.0297,46766,779.3154,1.153104,2.356902,3.143396,200.139922142029,544.375,3.90234375,,CommandState
3,180.0394,46460,774.2084,1.157299,2.397201,3.164803,200.12873840332,544.375,4.23828125,,SkillDetailsState
4,240.049,45840,763.8776,1.170996,2.364902,3.1464,200.206778526306,544.375,4.60546875,,CommandState
5,300.0583,46621,776.8959,1.153097,2.365703,3.149504,200.379971504211,544.375,4.390625,,CommandState
6,360.0675,46228,770.3488,1.162401,2.360403,3.156597,200.389161109924,544.375,4.37109375,,CommandState
7,420.0789,46767,779.3021,1.150595,2.337203,3.146103,200.35936164856,544.375,4.41796875,,FacingSelectionState
8,480.088,46691,778.0646,1.149795,2.316305,3.1464,200.451703071594,544.375,4.55078125,,ActionSelectionState
9,540.0979,48735,812.1166,1.142701,2.326701,3.126304,199.397766113281,544.375,5,,deployment
10,569.996,28801,963.3063,0.9276006,2.2947,3.129004,200.401467323303,544.375,4.6171875,,CommandState
