id,preferredHeight,availableHeight,missingGlyphs
cless.attack,172.32,275,0
cless.0,172.32,275,0
cless.1,172.32,275,0
cless.2,172.32,275,0
cless.3,172.32,275,0
cless.4,172.32,275,0
cless.5,172.32,275,0
cless.6,172.32,275,0
cless.ultimate,172.32,275,0
enemy.attack,172.32,275,0
mint.attack,172.32,275,0
mint.0,172.32,275,0
mint.1,172.32,275,0
mint.2,172.32,275,0
mint.3,196.93,275,0
mint.4,172.32,275,0
mint.5,172.32,275,0
mint.6,172.32,275,0
mint.ultimate,172.32,275,0
velvet.attack,172.32,275,0
velvet.0,172.32,275,0
velvet.1,172.32,275,0
velvet.2,196.93,275,0
velvet.3,172.32,275,0
velvet.ultimate,172.32,275,0
farah.attack,172.32,275,0
farah.0,172.32,275,0
farah.1,172.32,275,0
farah.2,172.32,275,0
farah.3,172.32,275,0
farah.4,172.32,275,0
farah.5,172.32,275,0
farah.6,196.93,275,0
farah.ultimate,172.32,275,0
tear.attack,172.32,275,0
tear.0,172.32,275,0
tear.1,196.93,275,0
tear.2,172.32,275,0
tear.3,172.32,275,0
tear.4,172.32,275,0
tear.5,172.32,275,0
tear.6,172.32,275,0
tear.ultimate,172.32,275,0
jade.attack,172.32,275,0
jade.0,172.32,275,0
jade.1,172.32,275,0
jade.2,172.32,275,0
jade.3,172.32,275,0
jade.4,172.32,275,0
jade.5,172.32,275,0
jade.6,172.32,275,0
jade.7,172.32,275,0
jade.ultimate,196.93,275,0
natalia.attack,172.32,275,0
natalia.0,172.32,275,0
natalia.1,172.32,275,0
natalia.2,172.32,275,0
natalia.3,172.32,275,0
natalia.4,172.32,275,0
natalia.5,172.32,275,0
natalia.6,172.32,275,0
natalia.ultimate,172.32,275,0
alphen.attack,172.32,275,0
alphen.0,196.93,275,0
alphen.1,196.93,275,0
alphen.2,196.93,275,0
alphen.3,196.93,275,0
alphen.4,172.32,275,0
alphen.5,172.32,275,0
alphen.6,172.32,275,0
alphen.ultimate,172.32,275,0
shionne.attack,172.32,275,0
shionne.0,172.32,275,0
shionne.1,172.32,275,0
shionne.2,172.32,275,0
shionne.3,172.32,275,0
shionne.4,172.32,275,0
shionne.5,196.93,275,0
shionne.6,172.32,275,0
shionne.ultimate,172.32,275,0
kisara.attack,172.32,275,0
kisara.0,196.93,275,0
kisara.1,172.32,275,0
kisara.2,172.32,275,0
kisara.3,172.32,275,0
kisara.4,172.32,275,0
kisara.5,172.32,275,0
kisara.6,172.32,275,0
kisara.ultimate,172.32,275,0
