stage,party,level,result,turns,survivors,totalHP
1,0-1-3,1,Victory,46,1,137
1,0-2-3-6-7-9,1,Victory,33,6,975
1,1-4-5-6-8-9,1,Victory,32,6,851
2,0-1-3,2,Victory,40,1,7
2,0-2-3-6-7-9,2,Victory,27,6,995
2,1-4-5-6-8-9,2,Victory,34,5,836
3,0-1-3,3,Victory,41,2,195
3,0-2-3-6-7-9,3,Victory,39,6,1006
3,1-4-5-6-8-9,3,Victory,45,5,816
4,0-1-3,4,Victory,40,1,86
4,0-2-3-6-7-9,4,Victory,29,6,1088
4,1-4-5-6-8-9,4,Victory,40,6,877
5,0-1-3,5,Victory,40,2,216
5,0-2-3-6-7-9,5,Victory,40,6,1093
5,1-4-5-6-8-9,5,Victory,41,6,984
6,0-1-3,7,Defeat,35,0,0
6,0-2-3-6-7-9,7,Victory,29,6,1157
6,1-4-5-6-8-9,7,Victory,46,5,801
