id,row,column,left,top,width,height,pivotX,ppu,sourceWidth,sourceHeight
alphen-polish,0,0,106,110,167,214,0.437126,154.0984,1254,1254
alphen-polish,0,1,369,113,173,211,0.511561,154.0984,1254,1254
alphen-polish,0,2,686,120,156,204,0.538462,154.0984,1254,1254
alphen-polish,0,3,1007,116,166,208,0.445783,154.0984,1254,1254
alphen-polish,1,0,93,436,207,161,0.594203,154.0984,1254,1254
alphen-polish,1,1,381,433,237,164,0.379747,154.0984,1254,1254
alphen-polish,1,2,674,433,245,162,0.263265,154.0984,1254,1254
alphen-polish,1,3,1005,433,186,163,0.403226,154.0984,1254,1254
alphen-polish,2,0,107,647,163,250,0.441718,154.0984,1254,1254
alphen-polish,2,1,407,647,161,249,0.447205,154.0984,1254,1254
alphen-polish,2,2,691,655,145,242,0.489655,154.0984,1254,1254
alphen-polish,2,3,1033,655,151,242,0.476821,154.0984,1254,1254
alphen-polish,3,0,76,987,199,188,0.462312,154.0984,1254,1254
alphen-polish,3,1,409,986,171,189,0.450292,154.0984,1254,1254
alphen-polish,3,2,692,987,159,188,0.647799,154.0984,1254,1254
alphen-polish,3,3,1002,987,179,188,0.335196,154.0984,1254,1254
archer-polish,0,0,77,39,213,270,0.516432,203.6885,1254,1254
archer-polish,0,1,352,43,229,266,0.445415,203.6885,1254,1254
archer-polish,0,2,682,39,218,270,0.293578,203.6885,1254,1254
archer-polish,0,3,989,38,214,272,0.523364,203.6885,1254,1254
archer-polish,1,0,48,354,232,264,0.599138,203.6885,1254,1254
archer-polish,1,1,371,354,233,262,0.446352,203.6885,1254,1254
archer-polish,1,2,668,351,222,267,0.308559,203.6885,1254,1254
archer-polish,1,3,991,353,234,265,0.380342,203.6885,1254,1254
archer-polish,2,0,80,643,143,288,0.58042,203.6885,1254,1254
archer-polish,2,1,403,643,165,288,0.387879,203.6885,1254,1254
archer-polish,2,2,685,642,167,289,0.57485,203.6885,1254,1254
archer-polish,2,3,1037,642,169,289,0.402367,203.6885,1254,1254
archer-polish,3,0,77,966,168,248,0.52381,203.6885,1254,1254
archer-polish,3,1,385,966,185,249,0.427027,203.6885,1254,1254
archer-polish,3,2,685,966,163,248,0.392638,203.6885,1254,1254
archer-polish,3,3,1035,966,158,249,0.56962,203.6885,1254,1254
cless-polish,0,0,48,40,255,265,0.301961,204.918,1254,1254
cless-polish,0,1,352,40,238,262,0.57563,204.918,1254,1254
cless-polish,0,2,677,64,201,240,0.731343,204.918,1254,1254
cless-polish,0,3,1005,46,205,258,0.258537,204.918,1254,1254
cless-polish,1,0,19,372,288,225,0.708333,204.918,1254,1254
cless-polish,1,1,352,372,304,223,0.523026,204.918,1254,1254
cless-polish,1,2,671,377,298,220,0.47651,204.918,1254,1254
cless-polish,1,3,1000,374,240,223,0.2375,204.918,1254,1254
cless-polish,2,0,66,632,233,279,0.504292,204.918,1254,1254
cless-polish,2,1,369,631,237,276,0.548523,204.918,1254,1254
cless-polish,2,2,669,631,203,278,0.463054,204.918,1254,1254
cless-polish,2,3,997,634,228,275,0.429825,204.918,1254,1254
cless-polish,3,0,35,955,272,247,0.363971,204.918,1254,1254
cless-polish,3,1,364,956,239,242,0.58159,204.918,1254,1254
cless-polish,3,2,666,951,185,254,0.686486,204.918,1254,1254
cless-polish,3,3,981,952,244,253,0.393443,204.918,1254,1254
dhaos-polish,0,0,40,39,247,268,0.481781,182.0,1254,1254
dhaos-polish,0,1,342,38,262,269,0.541985,182.0,1254,1254
dhaos-polish,0,2,648,39,229,268,0.449782,182.0,1254,1254
dhaos-polish,0,3,999,36,227,272,0.546256,182.0,1254,1254
dhaos-polish,1,0,29,346,274,267,0.419708,182.0,1254,1254
dhaos-polish,1,1,343,345,280,266,0.4,182.0,1254,1254
dhaos-polish,1,2,653,346,261,267,0.425287,182.0,1254,1254
dhaos-polish,1,3,964,346,262,267,0.576336,182.0,1254,1254
dhaos-polish,2,0,29,640,274,266,0.463504,182.0,1254,1254
dhaos-polish,2,1,343,641,273,265,0.501832,182.0,1254,1254
dhaos-polish,2,2,648,641,245,266,0.461224,182.0,1254,1254
dhaos-polish,2,3,979,641,247,266,0.534413,182.0,1254,1254
dhaos-polish,3,0,32,935,255,272,0.458824,182.0,1254,1254
dhaos-polish,3,1,347,934,247,272,0.489879,182.0,1254,1254
dhaos-polish,3,2,658,935,206,274,0.533981,182.0,1254,1254
dhaos-polish,3,3,1011,934,207,275,0.454106,182.0,1254,1254
eggbear-polish,0,0,59,80,229,237,0.650655,184.0909,1254,1254
eggbear-polish,0,1,351,79,224,233,0.410714,184.0909,1254,1254
eggbear-polish,0,2,668,75,218,244,0.261468,184.0909,1254,1254
eggbear-polish,0,3,981,74,214,246,0.733645,184.0909,1254,1254
eggbear-polish,1,0,50,385,250,233,0.7,184.0909,1254,1254
eggbear-polish,1,1,351,386,254,232,0.291339,184.0909,1254,1254
eggbear-polish,1,2,641,383,266,223,0.451128,184.0909,1254,1254
eggbear-polish,1,3,954,384,261,225,0.536398,184.0909,1254,1254
eggbear-polish,2,0,53,659,257,235,0.638132,184.0909,1254,1254
eggbear-polish,2,1,345,660,251,231,0.501992,184.0909,1254,1254
eggbear-polish,2,2,674,644,209,251,0.277512,184.0909,1254,1254
eggbear-polish,2,3,968,645,210,251,0.719048,184.0909,1254,1254
eggbear-polish,3,0,54,938,238,238,0.434874,184.0909,1254,1254
eggbear-polish,3,1,344,938,241,238,0.441909,184.0909,1254,1254
eggbear-polish,3,2,665,932,198,249,0.439394,184.0909,1254,1254
eggbear-polish,3,3,994,933,202,248,0.584158,184.0909,1254,1254
farah-polish,0,0,96,98,163,217,0.582822,185.2459,1254,1254
farah-polish,0,1,403,99,168,216,0.642857,185.2459,1254,1254
farah-polish,0,2,698,104,158,211,0.639241,185.2459,1254,1254
farah-polish,0,3,1018,101,169,214,0.357988,185.2459,1254,1254
farah-polish,1,0,90,411,167,218,0.628743,185.2459,1254,1254
farah-polish,1,1,403,411,169,218,0.35503,185.2459,1254,1254
farah-polish,1,2,691,417,186,212,0.591398,185.2459,1254,1254
farah-polish,1,3,1002,417,186,212,0.422043,185.2459,1254,1254
farah-polish,2,0,83,697,177,220,0.612994,185.2459,1254,1254
farah-polish,2,1,394,685,179,232,0.413408,185.2459,1254,1254
farah-polish,2,2,699,693,164,225,0.408537,185.2459,1254,1254
farah-polish,2,3,1016,698,167,219,0.562874,185.2459,1254,1254
farah-polish,3,0,94,977,154,226,0.383117,185.2459,1254,1254
farah-polish,3,1,412,977,141,226,0.390071,185.2459,1254,1254
farah-polish,3,2,719,977,133,226,0.601504,185.2459,1254,1254
farah-polish,3,3,1027,977,135,225,0.4,185.2459,1254,1254
golem-polish,0,0,58,30,253,273,0.561265,174.6667,1254,1254
golem-polish,0,1,355,31,259,272,0.548263,174.6667,1254,1254
golem-polish,0,2,667,34,216,269,0.354167,174.6667,1254,1254
golem-polish,0,3,990,31,205,272,0.434146,174.6667,1254,1254
golem-polish,1,0,47,366,242,237,0.694215,174.6667,1254,1254
golem-polish,1,1,351,367,270,228,0.562963,174.6667,1254,1254
golem-polish,1,2,642,368,262,229,0.59542,174.6667,1254,1254
golem-polish,1,3,971,368,249,227,0.413655,174.6667,1254,1254
golem-polish,2,0,40,653,265,264,0.615094,174.6667,1254,1254
golem-polish,2,1,343,661,266,252,0.62782,174.6667,1254,1254
golem-polish,2,2,684,642,205,277,0.302439,174.6667,1254,1254
golem-polish,2,3,977,639,211,280,0.682464,174.6667,1254,1254
golem-polish,3,0,42,956,260,258,0.55,174.6667,1254,1254
golem-polish,3,1,343,950,268,262,0.544776,174.6667,1254,1254
golem-polish,3,2,661,949,188,265,0.484043,174.6667,1254,1254
golem-polish,3,3,1017,950,189,262,0.47619,174.6667,1254,1254
jade-polish,0,0,52,23,217,299,0.465438,231.1475,1254,1254
jade-polish,0,1,395,13,200,310,0.52,231.1475,1254,1254
jade-polish,0,2,678,23,210,299,0.319048,231.1475,1254,1254
jade-polish,0,3,993,23,228,300,0.644737,231.1475,1254,1254
jade-polish,1,0,13,381,316,225,0.259494,231.1475,1254,1254
jade-polish,1,1,360,379,272,224,0.613971,231.1475,1254,1254
jade-polish,1,2,645,382,292,221,0.592466,231.1475,1254,1254
jade-polish,1,3,952,380,289,226,0.432526,231.1475,1254,1254
jade-polish,2,0,56,616,214,324,0.413551,231.1475,1254,1254
jade-polish,2,1,386,615,195,320,0.620513,231.1475,1254,1254
jade-polish,2,2,676,615,180,320,0.533333,231.1475,1254,1254
jade-polish,2,3,1050,616,177,324,0.576271,231.1475,1254,1254
jade-polish,3,0,56,947,194,280,0.706186,231.1475,1254,1254
jade-polish,3,1,407,948,176,279,0.681818,231.1475,1254,1254
jade-polish,3,2,683,946,187,284,0.491979,231.1475,1254,1254
jade-polish,3,3,1027,946,191,285,0.350785,231.1475,1254,1254
kisara-polish,0,0,36,43,254,280,0.688976,208.6066,1254,1254
kisara-polish,0,1,349,53,245,270,0.542857,208.6066,1254,1254
kisara-polish,0,2,666,58,244,265,0.721311,208.6066,1254,1254
kisara-polish,0,3,994,48,219,273,0.319635,208.6066,1254,1254
kisara-polish,1,0,44,385,255,233,0.686275,208.6066,1254,1254
kisara-polish,1,1,372,378,261,235,0.498084,208.6066,1254,1254
kisara-polish,1,2,655,387,276,226,0.576087,208.6066,1254,1254
kisara-polish,1,3,964,382,244,231,0.389344,208.6066,1254,1254
kisara-polish,2,0,58,646,216,276,0.671296,208.6066,1254,1254
kisara-polish,2,1,375,639,197,283,0.502538,208.6066,1254,1254
kisara-polish,2,2,680,659,187,264,0.593583,208.6066,1254,1254
kisara-polish,2,3,1022,659,181,264,0.40884,208.6066,1254,1254
kisara-polish,3,0,40,955,244,253,0.684426,208.6066,1254,1254
kisara-polish,3,1,363,954,249,254,0.526104,208.6066,1254,1254
kisara-polish,3,2,665,954,226,255,0.69469,208.6066,1254,1254
kisara-polish,3,3,990,948,224,261,0.316964,208.6066,1254,1254
mage-polish,0,0,35,60,227,260,0.656388,209.4262,1254,1254
mage-polish,0,1,368,53,226,262,0.539823,209.4262,1254,1254
mage-polish,0,2,672,63,227,257,0.400881,209.4262,1254,1254
mage-polish,0,3,996,68,233,247,0.536481,209.4262,1254,1254
mage-polish,1,0,65,391,236,210,0.457627,209.4262,1254,1254
mage-polish,1,1,350,391,270,213,0.403704,209.4262,1254,1254
mage-polish,1,2,629,399,302,202,0.370861,209.4262,1254,1254
mage-polish,1,3,953,396,281,205,0.651246,209.4262,1254,1254
mage-polish,2,0,74,634,182,291,0.472527,209.4262,1254,1254
mage-polish,2,1,374,634,181,293,0.480663,209.4262,1254,1254
mage-polish,2,2,659,635,186,292,0.403226,209.4262,1254,1254
mage-polish,2,3,1016,634,200,293,0.57,209.4262,1254,1254
mage-polish,3,0,50,957,196,254,0.520408,209.4262,1254,1254
mage-polish,3,1,375,957,189,254,0.481481,209.4262,1254,1254
mage-polish,3,2,674,951,183,260,0.42623,209.4262,1254,1254
mage-polish,3,3,1011,954,190,257,0.584211,209.4262,1254,1254
mint-polish,0,0,90,64,190,246,0.484211,175.8197,1254,1254
mint-polish,0,1,385,73,181,243,0.486188,175.8197,1254,1254
mint-polish,0,2,686,77,175,233,0.617143,175.8197,1254,1254
mint-polish,0,3,1007,72,168,238,0.511905,175.8197,1254,1254
mint-polish,1,0,37,407,251,203,0.641434,175.8197,1254,1254
mint-polish,1,1,376,403,243,207,0.366255,175.8197,1254,1254
mint-polish,1,2,658,407,255,198,0.47451,175.8197,1254,1254
mint-polish,1,3,945,403,252,203,0.619048,175.8197,1254,1254
mint-polish,2,0,93,676,169,250,0.491124,175.8197,1254,1254
mint-polish,2,1,390,675,164,251,0.518293,175.8197,1254,1254
mint-polish,2,2,673,665,153,261,0.594771,175.8197,1254,1254
mint-polish,2,3,1035,667,166,259,0.409639,175.8197,1254,1254
mint-polish,3,0,76,984,197,213,0.482234,175.8197,1254,1254
mint-polish,3,1,386,984,199,214,0.462312,175.8197,1254,1254
mint-polish,3,2,685,986,184,215,0.5,175.8197,1254,1254
mint-polish,3,3,987,986,194,215,0.5,175.8197,1254,1254
natalia-polish,0,0,45,43,252,280,0.571429,212.2951,1254,1254
natalia-polish,0,1,360,53,238,271,0.655462,212.2951,1254,1254
natalia-polish,0,2,662,43,250,281,0.612,212.2951,1254,1254
natalia-polish,0,3,969,43,254,280,0.610236,212.2951,1254,1254
natalia-polish,1,0,31,350,250,286,0.572,212.2951,1254,1254
natalia-polish,1,1,354,351,247,285,0.538462,212.2951,1254,1254
natalia-polish,1,2,656,351,247,284,0.408907,212.2951,1254,1254
natalia-polish,1,3,975,351,257,284,0.599222,212.2951,1254,1254
natalia-polish,2,0,68,652,204,298,0.460784,212.2951,1254,1254
natalia-polish,2,1,379,657,203,292,0.497537,212.2951,1254,1254
natalia-polish,2,2,679,655,169,298,0.550296,212.2951,1254,1254
natalia-polish,2,3,1031,654,183,299,0.404372,212.2951,1254,1254
natalia-polish,3,0,57,969,222,259,0.315315,212.2951,1254,1254
natalia-polish,3,1,385,969,211,259,0.35545,212.2951,1254,1254
natalia-polish,3,2,684,969,187,259,0.385027,212.2951,1254,1254
natalia-polish,3,3,1007,970,195,258,0.6,212.2951,1254,1254
penguinist-polish,0,0,80,99,198,213,0.439394,260.119,1254,1254
penguinist-polish,0,1,378,99,221,209,0.502262,260.119,1254,1254
penguinist-polish,0,2,674,108,210,200,0.428571,260.119,1254,1254
penguinist-polish,0,3,972,108,210,200,0.6,260.119,1254,1254
penguinist-polish,1,0,73,393,224,219,0.379464,260.119,1254,1254
penguinist-polish,1,1,368,390,249,219,0.483936,260.119,1254,1254
penguinist-polish,1,2,678,401,237,213,0.28692,260.119,1254,1254
penguinist-polish,1,3,958,400,236,214,0.699153,260.119,1254,1254
penguinist-polish,2,0,67,682,241,219,0.485477,260.119,1254,1254
penguinist-polish,2,1,372,683,234,220,0.491453,260.119,1254,1254
penguinist-polish,2,2,667,683,219,225,0.47032,260.119,1254,1254
penguinist-polish,2,3,983,682,220,225,0.531818,260.119,1254,1254
penguinist-polish,3,0,72,966,222,220,0.486486,260.119,1254,1254
penguinist-polish,3,1,380,965,219,220,0.497717,260.119,1254,1254
penguinist-polish,3,2,671,970,199,217,0.517588,260.119,1254,1254
penguinist-polish,3,3,983,971,201,217,0.477612,260.119,1254,1254
polwigle-polish,0,0,71,94,180,215,0.411111,300.6944,1254,1254
polwigle-polish,0,1,381,83,183,226,0.52459,300.6944,1254,1254
polwigle-polish,0,2,652,102,231,207,0.623377,300.6944,1254,1254
polwigle-polish,0,3,988,98,236,211,0.360169,300.6944,1254,1254
polwigle-polish,1,0,59,371,194,224,0.525773,300.6944,1254,1254
polwigle-polish,1,1,380,372,190,225,0.505263,300.6944,1254,1254
polwigle-polish,1,2,684,377,206,222,0.592233,300.6944,1254,1254
polwigle-polish,1,3,988,381,207,218,0.386473,300.6944,1254,1254
polwigle-polish,2,0,66,655,200,239,0.505,300.6944,1254,1254
polwigle-polish,2,1,373,655,197,239,0.497462,300.6944,1254,1254
polwigle-polish,2,2,668,662,218,234,0.587156,300.6944,1254,1254
polwigle-polish,2,3,980,661,215,235,0.404651,300.6944,1254,1254
polwigle-polish,3,0,68,954,198,227,0.494949,300.6944,1254,1254
polwigle-polish,3,1,374,957,190,224,0.505263,300.6944,1254,1254
polwigle-polish,3,2,661,976,225,208,0.622222,300.6944,1254,1254
polwigle-polish,3,3,980,975,215,209,0.381395,300.6944,1254,1254
sentinel-polish,0,0,61,69,210,264,0.52381,196.7213,1254,1254
sentinel-polish,0,1,371,63,197,270,0.553299,196.7213,1254,1254
sentinel-polish,0,2,669,87,222,248,0.522523,196.7213,1254,1254
sentinel-polish,0,3,991,77,209,256,0.368421,196.7213,1254,1254
sentinel-polish,1,0,59,401,272,199,0.474265,196.7213,1254,1254
sentinel-polish,1,1,361,399,251,201,0.322709,196.7213,1254,1254
sentinel-polish,1,2,647,412,280,189,0.417857,196.7213,1254,1254
sentinel-polish,1,3,941,409,270,191,0.525926,196.7213,1254,1254
sentinel-polish,2,0,93,632,166,291,0.415663,196.7213,1254,1254
sentinel-polish,2,1,373,631,162,292,0.580247,196.7213,1254,1254
sentinel-polish,2,2,667,632,153,293,0.562092,196.7213,1254,1254
sentinel-polish,2,3,1039,632,163,293,0.478528,196.7213,1254,1254
sentinel-polish,3,0,105,975,178,225,0.370787,196.7213,1254,1254
sentinel-polish,3,1,371,962,174,238,0.609195,196.7213,1254,1254
sentinel-polish,3,2,660,957,166,242,0.536145,196.7213,1254,1254
sentinel-polish,3,3,1025,951,160,249,0.475,196.7213,1254,1254
shionne-polish,0,0,60,27,233,282,0.44206,233.6066,1254,1254
shionne-polish,0,1,365,23,232,286,0.521552,233.6066,1254,1254
shionne-polish,0,2,660,24,255,285,0.486275,233.6066,1254,1254
shionne-polish,0,3,973,23,227,288,0.537445,233.6066,1254,1254
shionne-polish,1,0,20,324,285,293,0.473684,233.6066,1254,1254
shionne-polish,1,1,366,324,267,290,0.475655,233.6066,1254,1254
shionne-polish,1,2,643,346,274,271,0.310219,233.6066,1254,1254
shionne-polish,1,3,959,343,290,274,0.665517,233.6066,1254,1254
shionne-polish,2,0,46,628,229,312,0.458515,233.6066,1254,1254
shionne-polish,2,1,372,628,223,311,0.466368,233.6066,1254,1254
shionne-polish,2,2,668,628,199,311,0.552764,233.6066,1254,1254
shionne-polish,2,3,1030,628,189,311,0.455026,233.6066,1254,1254
shionne-polish,3,0,38,946,243,286,0.415638,233.6066,1254,1254
shionne-polish,3,1,362,946,239,286,0.48954,233.6066,1254,1254
shionne-polish,3,2,688,948,224,284,0.459821,233.6066,1254,1254
shionne-polish,3,3,981,948,247,284,0.473684,233.6066,1254,1254
slime-polish,0,0,60,147,209,163,0.411483,247.7273,1254,1254
slime-polish,0,1,385,147,196,163,0.540816,247.7273,1254,1254
slime-polish,0,2,685,143,196,164,0.494898,247.7273,1254,1254
slime-polish,0,3,1002,143,196,164,0.489796,247.7273,1254,1254
slime-polish,1,0,49,453,216,143,0.462963,247.7273,1254,1254
slime-polish,1,1,375,453,221,141,0.520362,247.7273,1254,1254
slime-polish,1,2,663,457,246,139,0.50813,247.7273,1254,1254
slime-polish,1,3,963,453,236,143,0.516949,247.7273,1254,1254
slime-polish,2,0,56,673,216,262,0.523148,247.7273,1254,1254
slime-polish,2,1,376,673,207,262,0.468599,247.7273,1254,1254
slime-polish,2,2,663,690,226,245,0.384956,247.7273,1254,1254
slime-polish,2,3,977,689,226,246,0.610619,247.7273,1254,1254
slime-polish,3,0,43,1064,231,133,0.47619,247.7273,1254,1254
slime-polish,3,1,356,1064,229,133,0.49345,247.7273,1254,1254
slime-polish,3,2,674,1078,216,119,0.467593,247.7273,1254,1254
slime-polish,3,3,988,1079,218,118,0.513761,247.7273,1254,1254
tear-polish,0,0,28,47,273,262,0.652015,223.3607,1254,1254
tear-polish,0,1,330,39,259,264,0.544402,223.3607,1254,1254
tear-polish,0,2,656,62,248,241,0.600806,223.3607,1254,1254
tear-polish,0,3,985,56,249,247,0.36747,223.3607,1254,1254
tear-polish,1,0,58,362,240,244,0.5125,223.3607,1254,1254
tear-polish,1,1,338,360,290,244,0.524138,223.3607,1254,1254
tear-polish,1,2,660,362,277,243,0.483755,223.3607,1254,1254
tear-polish,1,3,944,362,275,244,0.56,223.3607,1254,1254
tear-polish,2,0,67,616,208,315,0.514423,223.3607,1254,1254
tear-polish,2,1,370,624,193,307,0.492228,223.3607,1254,1254
tear-polish,2,2,660,616,187,315,0.588235,223.3607,1254,1254
tear-polish,2,3,1030,615,188,316,0.430851,223.3607,1254,1254
tear-polish,3,0,62,950,231,272,0.471861,223.3607,1254,1254
tear-polish,3,1,333,953,235,265,0.582979,223.3607,1254,1254
tear-polish,3,2,682,951,218,273,0.422018,223.3607,1254,1254
tear-polish,3,3,984,951,218,273,0.527523,223.3607,1254,1254
velvet-polish,0,0,7,40,285,264,0.719298,226.2295,1254,1254
velvet-polish,0,1,366,41,248,266,0.423387,226.2295,1254,1254
velvet-polish,0,2,651,51,242,252,0.520661,226.2295,1254,1254
velvet-polish,0,3,1000,49,235,257,0.634043,226.2295,1254,1254
velvet-polish,1,0,25,361,269,247,0.717472,226.2295,1254,1254
velvet-polish,1,1,348,351,279,258,0.523297,226.2295,1254,1254
velvet-polish,1,2,643,355,293,252,0.399317,226.2295,1254,1254
velvet-polish,1,3,957,369,279,238,0.594982,226.2295,1254,1254
velvet-polish,2,0,37,642,254,280,0.653543,226.2295,1254,1254
velvet-polish,2,1,350,642,248,281,0.528226,226.2295,1254,1254
velvet-polish,2,2,657,643,238,279,0.457983,226.2295,1254,1254
velvet-polish,2,3,983,642,240,279,0.479167,226.2295,1254,1254
velvet-polish,3,0,53,950,237,276,0.632911,226.2295,1254,1254
velvet-polish,3,1,367,949,222,278,0.567568,226.2295,1254,1254
velvet-polish,3,2,653,950,236,274,0.491525,226.2295,1254,1254
velvet-polish,3,3,993,950,235,276,0.519149,226.2295,1254,1254
wolf-polish,0,0,35,80,205,193,0.673171,254.1176,1254,1254
wolf-polish,0,1,320,75,179,194,0.530726,254.1176,1254,1254
wolf-polish,0,2,565,98,302,178,0.652318,254.1176,1254,1254
wolf-polish,0,3,936,99,292,177,0.325342,254.1176,1254,1254
wolf-polish,1,0,44,348,184,222,0.652174,254.1176,1254,1254
wolf-polish,1,1,305,348,202,243,0.386139,254.1176,1254,1254
wolf-polish,1,2,556,382,334,176,0.814371,254.1176,1254,1254
wolf-polish,1,3,924,378,313,183,0.169329,254.1176,1254,1254
wolf-polish,2,0,44,649,200,259,0.66,254.1176,1254,1254
wolf-polish,2,1,307,641,190,266,0.410526,254.1176,1254,1254
wolf-polish,2,2,558,650,309,255,0.472492,254.1176,1254,1254
wolf-polish,2,3,941,647,287,258,0.498258,254.1176,1254,1254
wolf-polish,3,0,60,956,168,223,0.339286,254.1176,1254,1254
wolf-polish,3,1,306,956,193,235,0.367876,254.1176,1254,1254
wolf-polish,3,2,563,971,312,208,0.676282,254.1176,1254,1254
wolf-polish,3,3,923,970,302,209,0.331126,254.1176,1254,1254
