id,pose,facing,left,top,width,height,pivotX,ppu,sourceWidth,sourceHeight
alphen,Attack,Front,8,14,346,296,0.57948,269.5312,1254,1254
alphen,Attack,Back,361,10,294,300,0.457483,269.5312,1254,1254
alphen,Attack,Right,674,10,321,303,0.401869,269.5312,1254,1254
alphen,Attack,Left,982,9,265,308,0.454717,269.5312,1254,1254
alphen,Cast,Front,42,314,254,348,0.454724,269.5312,1254,1254
alphen,Cast,Back,375,317,236,345,0.497881,269.5312,1254,1254
alphen,Cast,Right,660,314,227,348,0.546256,269.5312,1254,1254
alphen,Cast,Left,1011,313,223,349,0.40583,269.5312,1254,1254
alphen,Guard,Front,46,662,251,287,0.498008,269.5312,1254,1254
alphen,Guard,Back,360,662,251,287,0.498008,269.5312,1254,1254
alphen,Guard,Right,669,662,214,295,0.542056,269.5312,1254,1254
alphen,Guard,Left,1012,661,228,296,0.471491,269.5312,1254,1254
alphen,Damage,Front,54,930,242,299,0.495868,269.5312,1254,1254
alphen,Damage,Back,360,943,229,285,0.497817,269.5312,1254,1254
alphen,Damage,Right,679,957,212,278,0.566038,269.5312,1254,1254
alphen,Damage,Left,989,944,236,294,0.459746,269.5312,1254,1254
cless,Attack,Front,34,41,284,271,0.528169,245.3125,1254,1254
cless,Attack,Back,335,37,294,274,0.47449,245.3125,1254,1254
cless,Attack,Right,641,42,296,270,0.451014,245.3125,1254,1254
cless,Attack,Left,947,42,279,269,0.548387,245.3125,1254,1254
cless,Cast,Front,31,324,263,316,0.486692,245.3125,1254,1254
cless,Cast,Back,355,324,264,316,0.501894,245.3125,1254,1254
cless,Cast,Right,667,323,229,317,0.539301,245.3125,1254,1254
cless,Cast,Left,1003,323,223,318,0.475336,245.3125,1254,1254
cless,Guard,Front,48,641,244,271,0.512295,245.3125,1254,1254
cless,Guard,Back,358,651,247,258,0.5,245.3125,1254,1254
cless,Guard,Right,663,635,220,276,0.504545,245.3125,1254,1254
cless,Guard,Left,1021,636,202,275,0.502475,245.3125,1254,1254
cless,Damage,Front,48,927,245,286,0.538776,245.3125,1254,1254
cless,Damage,Back,357,926,257,284,0.515564,245.3125,1254,1254
cless,Damage,Right,676,927,219,286,0.552511,245.3125,1254,1254
cless,Damage,Left,1006,927,221,288,0.463801,245.3125,1254,1254
farah,Attack,Front,43,5,236,313,0.497881,246.0938,1254,1254
farah,Attack,Back,358,4,226,313,0.497788,246.0938,1254,1254
farah,Attack,Right,657,6,233,312,0.465665,246.0938,1254,1254
farah,Attack,Left,982,5,238,313,0.539916,246.0938,1254,1254
farah,Cast,Front,48,320,238,316,0.497899,246.0938,1254,1254
farah,Cast,Back,360,317,222,319,0.497748,246.0938,1254,1254
farah,Cast,Right,665,320,214,316,0.492991,246.0938,1254,1254
farah,Cast,Left,995,320,218,316,0.509174,246.0938,1254,1254
farah,Guard,Front,52,634,226,307,0.497788,246.0938,1254,1254
farah,Guard,Back,367,632,213,306,0.497653,246.0938,1254,1254
farah,Guard,Right,677,634,204,307,0.497549,246.0938,1254,1254
farah,Guard,Left,1001,634,203,307,0.497537,246.0938,1254,1254
farah,Damage,Front,70,941,197,298,0.489848,246.0938,1254,1254
farah,Damage,Back,367,939,200,300,0.495,246.0938,1254,1254
farah,Damage,Right,690,941,193,298,0.520725,246.0938,1254,1254
farah,Damage,Left,1002,941,181,298,0.497238,246.0938,1254,1254
jade,Attack,Front,10,5,298,289,0.493289,263.2812,1254,1254
jade,Attack,Back,336,5,271,288,0.523985,263.2812,1254,1254
jade,Attack,Right,624,10,349,279,0.37106,263.2812,1254,1254
jade,Attack,Left,988,8,253,280,0.523715,263.2812,1254,1254
jade,Cast,Front,79,294,163,337,0.51227,263.2812,1254,1254
jade,Cast,Back,381,296,166,333,0.51506,263.2812,1254,1254
jade,Cast,Right,706,293,175,341,0.38,263.2812,1254,1254
jade,Cast,Left,1024,294,172,340,0.584302,263.2812,1254,1254
jade,Guard,Front,37,636,236,292,0.561441,263.2812,1254,1254
jade,Guard,Back,362,633,230,294,0.447826,263.2812,1254,1254
jade,Guard,Right,678,650,207,278,0.374396,263.2812,1254,1254
jade,Guard,Left,1000,649,231,278,0.590909,263.2812,1254,1254
jade,Damage,Front,43,931,206,302,0.572816,263.2812,1254,1254
jade,Damage,Back,375,946,196,286,0.451531,263.2812,1254,1254
jade,Damage,Right,661,935,187,294,0.612299,263.2812,1254,1254
jade,Damage,Left,1026,935,186,293,0.448925,263.2812,1254,1254
kisara,Attack,Front,29,2,246,311,0.493902,241.4062,1254,1254
kisara,Attack,Back,363,3,223,311,0.497758,241.4062,1254,1254
kisara,Attack,Right,667,5,219,309,0.497717,241.4062,1254,1254
kisara,Attack,Left,999,4,217,309,0.5,241.4062,1254,1254
kisara,Cast,Front,42,324,236,310,0.487288,241.4062,1254,1254
kisara,Cast,Back,375,324,216,310,0.497685,241.4062,1254,1254
kisara,Cast,Right,683,327,200,313,0.4125,241.4062,1254,1254
kisara,Cast,Left,999,327,198,312,0.560606,241.4062,1254,1254
kisara,Guard,Front,30,644,240,282,0.495833,241.4062,1254,1254
kisara,Guard,Back,358,647,239,278,0.497908,241.4062,1254,1254
kisara,Guard,Right,676,652,207,274,0.480676,241.4062,1254,1254
kisara,Guard,Left,1005,652,218,274,0.497706,241.4062,1254,1254
kisara,Damage,Front,33,935,227,289,0.491189,241.4062,1254,1254
kisara,Damage,Back,378,941,218,280,0.513761,241.4062,1254,1254
kisara,Damage,Right,688,935,184,292,0.372283,241.4062,1254,1254
kisara,Damage,Left,995,936,208,291,0.548077,241.4062,1254,1254
mint,Attack,Front,22,9,280,283,0.414286,239.8438,1254,1254
mint,Attack,Back,341,10,291,285,0.434708,239.8438,1254,1254
mint,Attack,Right,629,6,299,288,0.339465,239.8438,1254,1254
mint,Attack,Left,953,6,291,288,0.642612,239.8438,1254,1254
mint,Cast,Front,60,316,188,310,0.49734,239.8438,1254,1254
mint,Cast,Back,360,317,192,308,0.497396,239.8438,1254,1254
mint,Cast,Right,672,316,201,311,0.383085,239.8438,1254,1254
mint,Cast,Left,994,317,207,310,0.608696,239.8438,1254,1254
mint,Guard,Front,37,640,234,296,0.497863,239.8438,1254,1254
mint,Guard,Back,355,659,219,277,0.502283,239.8438,1254,1254
mint,Guard,Right,650,648,215,288,0.483721,239.8438,1254,1254
mint,Guard,Left,1010,652,213,284,0.481221,239.8438,1254,1254
mint,Damage,Front,55,962,184,282,0.524457,239.8438,1254,1254
mint,Damage,Back,386,956,166,284,0.521084,239.8438,1254,1254
mint,Damage,Right,670,959,190,285,0.518421,239.8438,1254,1254
mint,Damage,Left,1035,957,178,287,0.441011,239.8438,1254,1254
natalia,Attack,Front,48,1,242,361,0.338843,260.9375,1254,1254
natalia,Attack,Back,395,3,221,359,0.608597,260.9375,1254,1254
natalia,Attack,Right,701,0,223,363,0.392377,260.9375,1254,1254
natalia,Attack,Left,962,0,232,362,0.603448,260.9375,1254,1254
natalia,Cast,Front,56,369,190,336,0.442105,260.9375,1254,1254
natalia,Cast,Back,401,371,191,335,0.541885,260.9375,1254,1254
natalia,Cast,Right,723,369,190,338,0.381579,260.9375,1254,1254
natalia,Cast,Left,976,371,190,336,0.615789,260.9375,1254,1254
natalia,Guard,Front,62,699,173,273,0.482659,260.9375,1254,1254
natalia,Guard,Back,423,700,169,271,0.508876,260.9375,1254,1254
natalia,Guard,Right,705,716,157,255,0.452229,260.9375,1254,1254
natalia,Guard,Left,1020,718,155,254,0.541935,260.9375,1254,1254
natalia,Damage,Front,55,963,175,281,0.497143,260.9375,1254,1254
natalia,Damage,Back,416,970,175,275,0.497143,260.9375,1254,1254
natalia,Damage,Right,716,970,144,275,0.496528,260.9375,1254,1254
natalia,Damage,Left,1035,971,159,273,0.525157,260.9375,1254,1254
shionne,Attack,Front,29,7,278,311,0.476619,249.2188,1254,1254
shionne,Attack,Back,322,8,280,309,0.508929,249.2188,1254,1254
shionne,Attack,Right,645,11,293,306,0.443686,249.2188,1254,1254
shionne,Attack,Left,961,10,278,307,0.548561,249.2188,1254,1254
shionne,Cast,Front,18,318,262,319,0.496183,249.2188,1254,1254
shionne,Cast,Back,345,318,261,319,0.490421,249.2188,1254,1254
shionne,Cast,Right,642,317,272,323,0.463235,249.2188,1254,1254
shionne,Cast,Left,1004,316,240,322,0.514583,249.2188,1254,1254
shionne,Guard,Front,30,639,263,272,0.486692,249.2188,1254,1254
shionne,Guard,Back,351,650,242,259,0.520661,249.2188,1254,1254
shionne,Guard,Right,651,647,236,263,0.533898,249.2188,1254,1254
shionne,Guard,Left,1006,653,237,255,0.489451,249.2188,1254,1254
shionne,Damage,Front,37,917,246,306,0.536585,249.2188,1254,1254
shionne,Damage,Back,352,925,246,294,0.449187,249.2188,1254,1254
shionne,Damage,Right,654,922,245,300,0.463265,249.2188,1254,1254
shionne,Damage,Left,991,920,237,302,0.529536,249.2188,1254,1254
tear,Attack,Front,24,6,265,306,0.584906,258.5938,1254,1254
tear,Attack,Back,346,5,264,306,0.416667,258.5938,1254,1254
tear,Attack,Right,655,10,278,301,0.397482,258.5938,1254,1254
tear,Attack,Left,947,8,271,302,0.597786,258.5938,1254,1254
tear,Cast,Front,78,319,202,334,0.497525,258.5938,1254,1254
tear,Cast,Back,376,319,198,335,0.497475,258.5938,1254,1254
tear,Cast,Right,681,319,210,334,0.528571,258.5938,1254,1254
tear,Cast,Left,1002,320,205,332,0.456098,258.5938,1254,1254
tear,Guard,Front,67,672,212,269,0.497642,258.5938,1254,1254
tear,Guard,Back,358,676,231,265,0.497835,258.5938,1254,1254
tear,Guard,Right,676,674,215,269,0.460465,258.5938,1254,1254
tear,Guard,Left,996,673,218,269,0.529817,258.5938,1254,1254
tear,Damage,Front,57,951,222,289,0.513514,258.5938,1254,1254
tear,Damage,Back,384,949,206,291,0.468447,258.5938,1254,1254
tear,Damage,Right,669,958,221,282,0.556561,258.5938,1254,1254
tear,Damage,Left,994,956,206,284,0.461165,258.5938,1254,1254
velvet,Attack,Front,15,7,299,304,0.538462,276.5625,1254,1254
velvet,Attack,Back,336,7,284,300,0.424296,276.5625,1254,1254
velvet,Attack,Right,637,7,307,304,0.405537,276.5625,1254,1254
velvet,Attack,Left,945,7,294,304,0.498299,276.5625,1254,1254
velvet,Cast,Front,15,314,279,358,0.485663,276.5625,1254,1254
velvet,Cast,Back,354,314,266,355,0.488722,276.5625,1254,1254
velvet,Cast,Right,634,315,272,357,0.483456,276.5625,1254,1254
velvet,Cast,Left,971,316,270,356,0.533333,276.5625,1254,1254
velvet,Guard,Front,21,671,292,289,0.488014,276.5625,1254,1254
velvet,Guard,Back,330,671,289,281,0.49827,276.5625,1254,1254
velvet,Guard,Right,638,679,279,281,0.496416,276.5625,1254,1254
velvet,Guard,Left,972,679,270,281,0.498148,276.5625,1254,1254
velvet,Damage,Front,37,963,252,284,0.498016,276.5625,1254,1254
velvet,Damage,Back,361,962,254,282,0.48622,276.5625,1254,1254
velvet,Damage,Right,642,964,249,285,0.528112,276.5625,1254,1254
velvet,Damage,Left,997,964,240,285,0.475,276.5625,1254,1254
