id,pattern,pulses,windup,recovery,size
alphen.0,Wave,2,0.22,0.48,1
alphen.1,Rising,1,0.22,0.48,1
alphen.2,Thrust,1,0.22,0.48,1
alphen.3,Slash,2,0.22,0.48,1
alphen.4,Rising,1,0.22,0.48,1
alphen.5,Wave,2,0.22,0.48,1
alphen.6,Wave,2,0.22,0.48,1
alphen.attack,CharacterStyle,1,0.12,0.3,0.7
alphen.ultimate,FlameFinale,3,0.65,0.7,1.4
cless.0,Wave,2,0.22,0.48,1
cless.1,Rising,1,0.22,0.48,1
cless.2,Thrust,1,0.22,0.48,1
cless.3,Rising,1,0.22,0.48,1
cless.4,Wave,2,0.22,0.48,1
cless.5,Slash,2,0.22,0.48,1
cless.6,Wave,2,0.22,0.48,1
cless.attack,CharacterStyle,1,0.12,0.3,0.7
cless.ultimate,SwordFinale,3,0.65,0.7,1.4
enemy.attack,CharacterStyle,1,0.12,0.3,0.7
farah.0,Wave,2,0.22,0.48,1
farah.1,Burst,3,0.22,0.48,1
farah.2,Rising,1,0.22,0.48,1
farah.3,Burst,3,0.22,0.48,1
farah.4,Rising,1,0.22,0.48,1
farah.5,Wave,2,0.22,0.48,1
farah.6,Burst,3,0.22,0.48,1
farah.attack,CharacterStyle,1,0.12,0.3,0.7
farah.ultimate,LionFinale,3,0.65,0.7,1.4
jade.0,Pillar,1,0.22,0.48,1
jade.1,Burst,3,0.22,0.48,1
jade.2,Wave,2,0.22,0.48,1
jade.3,Lightning,2,0.22,0.48,1
jade.4,Rain,3,0.22,0.48,1
jade.5,Ice,1,0.22,0.48,1
jade.6,Meteor,3,0.22,0.48,1
jade.7,Lightning,2,0.22,0.48,1
jade.attack,CharacterStyle,1,0.12,0.3,0.7
jade.ultimate,Cage,1,0.65,0.7,1.4
kisara.0,Barrier,1,0.22,0.48,1
kisara.1,Rising,1,0.22,0.48,1
kisara.2,Thrust,1,0.22,0.48,1
kisara.3,Burst,3,0.22,0.48,1
kisara.4,Meteor,3,0.22,0.48,1
kisara.5,Burst,3,0.22,0.48,1
kisara.6,Ice,1,0.22,0.48,1
kisara.attack,CharacterStyle,1,0.12,0.3,0.7
kisara.ultimate,ShieldFinale,3,0.65,0.7,1.4
mint.0,Heal,1,0.22,0.48,1
mint.1,Heal,1,0.22,0.48,1
mint.2,Heal,1,0.22,0.48,1
mint.3,Burst,3,0.22,0.48,1
mint.4,Cleanse,1,0.22,0.48,1
mint.5,Revive,1,0.22,0.48,1
mint.6,Revive,1,0.22,0.48,1
mint.attack,CharacterStyle,1,0.12,0.3,0.7
mint.ultimate,TimeStop,1,0.65,0.7,1.4
natalia.0,Thrust,1,0.22,0.48,1
natalia.1,Wave,2,0.22,0.48,1
natalia.2,Heal,1,0.22,0.48,1
natalia.3,Rain,3,0.22,0.48,1
natalia.4,Rain,3,0.22,0.48,1
natalia.5,Heal,1,0.22,0.48,1
natalia.6,Revive,1,0.22,0.48,1
natalia.attack,CharacterStyle,1,0.12,0.3,0.7
natalia.ultimate,AstralRain,3,0.65,0.7,1.4
shionne.0,Thrust,1,0.22,0.48,1
shionne.1,Heal,1,0.22,0.48,1
shionne.2,Burst,3,0.22,0.48,1
shionne.3,Wave,2,0.22,0.48,1
shionne.4,Heal,1,0.22,0.48,1
shionne.5,Gravity,1,0.22,0.48,1
shionne.6,Revive,1,0.22,0.48,1
shionne.attack,CharacterStyle,1,0.12,0.3,0.7
shionne.ultimate,Wildfire,3,0.65,0.7,1.4
tear.0,Heal,1,0.22,0.48,1
tear.1,Sleep,1,0.22,0.48,1
tear.2,Heal,1,0.22,0.48,1
tear.3,Barrier,1,0.22,0.48,1
tear.4,Pillar,1,0.22,0.48,1
tear.5,Revive,1,0.22,0.48,1
tear.6,Rain,3,0.22,0.48,1
tear.attack,CharacterStyle,1,0.12,0.3,0.7
tear.ultimate,Radiance,3,0.65,0.7,1.4
velvet.0,Claw,3,0.22,0.48,1
velvet.1,Rising,1,0.22,0.48,1
velvet.2,Claw,3,0.22,0.48,1
velvet.3,Claw,3,0.22,0.48,1
velvet.attack,CharacterStyle,1,0.12,0.3,0.7
velvet.ultimate,ClawFinale,3,0.65,0.7,1.4
