id,action,frame,facing,left,top,width,height,pivotX,ppu,sourceWidth,sourceHeight
cless,Skill,0,Front,51,38,250,280,0.446,216.4062,1254,1254
cless,Skill,0,Back,353,36,244,281,0.415984,216.4062,1254,1254
cless,Skill,0,Right,647,42,221,280,0.576923,216.4062,1254,1254
cless,Skill,0,Left,1020,42,207,280,0.437198,216.4062,1254,1254
cless,Skill,1,Front,41,355,271,245,0.444649,216.4062,1254,1254
cless,Skill,1,Back,337,349,275,251,0.438182,216.4062,1254,1254
cless,Skill,1,Right,646,353,299,247,0.35786,216.4062,1254,1254
cless,Skill,1,Left,947,353,280,248,0.651786,216.4062,1254,1254
cless,Ultimate,0,Front,47,622,212,312,0.507075,216.4062,1254,1254
cless,Ultimate,0,Back,355,623,208,310,0.497596,216.4062,1254,1254
cless,Ultimate,0,Right,675,628,192,308,0.515625,216.4062,1254,1254
cless,Ultimate,0,Left,1026,629,188,307,0.481383,216.4062,1254,1254
cless,Ultimate,1,Front,42,959,230,262,0.517391,216.4062,1254,1254
cless,Ultimate,1,Back,366,957,213,264,0.497653,216.4062,1254,1254
cless,Ultimate,1,Right,663,970,239,252,0.535565,216.4062,1254,1254
cless,Ultimate,1,Left,980,970,246,252,0.457317,216.4062,1254,1254
mint,Skill,0,Front,113,13,173,298,0.49711,230.4688,1254,1254
mint,Skill,0,Back,395,11,167,299,0.497006,230.4688,1254,1254
mint,Skill,0,Right,706,15,151,296,0.417219,230.4688,1254,1254
mint,Skill,0,Left,1023,14,150,297,0.576667,230.4688,1254,1254
mint,Skill,1,Front,107,319,198,303,0.449495,230.4688,1254,1254
mint,Skill,1,Back,363,320,198,301,0.573232,230.4688,1254,1254
mint,Skill,1,Right,696,323,196,298,0.362245,230.4688,1254,1254
mint,Skill,1,Left,988,323,195,298,0.630769,230.4688,1254,1254
mint,Ultimate,0,Front,108,627,176,304,0.497159,230.4688,1254,1254
mint,Ultimate,0,Back,389,627,176,303,0.497159,230.4688,1254,1254
mint,Ultimate,0,Right,711,634,139,298,0.456835,230.4688,1254,1254
mint,Ultimate,0,Left,1029,634,140,298,0.535714,230.4688,1254,1254
mint,Ultimate,1,Front,109,934,176,307,0.497159,230.4688,1254,1254
mint,Ultimate,1,Back,388,937,178,303,0.511236,230.4688,1254,1254
mint,Ultimate,1,Right,695,940,197,301,0.378173,230.4688,1254,1254
mint,Ultimate,1,Left,988,939,197,302,0.616751,230.4688,1254,1254
velvet,Skill,0,Front,33,62,277,257,0.528881,199.2188,1254,1254
velvet,Skill,0,Back,352,62,277,259,0.487365,199.2188,1254,1254
velvet,Skill,0,Right,648,66,250,257,0.486,199.2188,1254,1254
velvet,Skill,0,Left,972,69,255,255,0.498039,199.2188,1254,1254
velvet,Skill,1,Front,35,355,272,264,0.5,199.2188,1254,1254
velvet,Skill,1,Back,346,356,277,261,0.501805,199.2188,1254,1254
velvet,Skill,1,Right,644,357,279,261,0.487455,199.2188,1254,1254
velvet,Skill,1,Left,959,359,271,258,0.5,199.2188,1254,1254
velvet,Ultimate,0,Front,33,676,274,214,0.498175,199.2188,1254,1254
velvet,Ultimate,0,Back,353,667,262,224,0.498092,199.2188,1254,1254
velvet,Ultimate,0,Right,646,684,231,213,0.497835,199.2188,1254,1254
velvet,Ultimate,0,Left,990,689,235,207,0.497872,199.2188,1254,1254
velvet,Ultimate,1,Front,36,897,270,337,0.498148,199.2188,1254,1254
velvet,Ultimate,1,Back,340,893,276,339,0.498188,199.2188,1254,1254
velvet,Ultimate,1,Right,654,902,264,332,0.498106,199.2188,1254,1254
velvet,Ultimate,1,Left,975,900,252,336,0.549603,199.2188,1254,1254
farah,Skill,0,Front,52,8,245,310,0.497959,241.4062,1254,1254
farah,Skill,0,Back,356,10,228,308,0.497807,241.4062,1254,1254
farah,Skill,0,Right,679,10,206,311,0.497573,241.4062,1254,1254
farah,Skill,0,Left,981,8,205,313,0.497561,241.4062,1254,1254
farah,Skill,1,Front,48,320,249,311,0.497992,241.4062,1254,1254
farah,Skill,1,Back,362,322,225,308,0.497778,241.4062,1254,1254
farah,Skill,1,Right,673,320,232,314,0.452586,241.4062,1254,1254
farah,Skill,1,Left,970,320,241,314,0.520747,241.4062,1254,1254
farah,Ultimate,0,Front,80,626,214,320,0.502336,241.4062,1254,1254
farah,Ultimate,0,Back,383,628,192,318,0.497396,241.4062,1254,1254
farah,Ultimate,0,Right,683,633,210,313,0.497619,241.4062,1254,1254
farah,Ultimate,0,Left,979,631,213,315,0.497653,241.4062,1254,1254
farah,Ultimate,1,Front,40,977,265,261,0.498113,241.4062,1254,1254
farah,Ultimate,1,Back,348,960,259,277,0.496139,241.4062,1254,1254
farah,Ultimate,1,Right,664,986,248,253,0.504032,241.4062,1254,1254
farah,Ultimate,1,Left,968,979,250,260,0.49,241.4062,1254,1254
tear,Skill,0,Front,108,19,156,300,0.50641,232.0312,1254,1254
tear,Skill,0,Back,408,20,150,299,0.53,232.0312,1254,1254
tear,Skill,0,Right,693,20,154,300,0.503247,232.0312,1254,1254
tear,Skill,0,Left,1022,19,137,301,0.40146,232.0312,1254,1254
tear,Skill,1,Front,107,332,162,299,0.5,232.0312,1254,1254
tear,Skill,1,Back,361,332,195,299,0.653846,232.0312,1254,1254
tear,Skill,1,Right,694,331,197,301,0.393401,232.0312,1254,1254
tear,Skill,1,Left,970,332,187,300,0.585561,232.0312,1254,1254
tear,Ultimate,0,Front,106,645,160,292,0.496875,232.0312,1254,1254
tear,Ultimate,0,Back,414,643,139,293,0.496403,232.0312,1254,1254
tear,Ultimate,0,Right,680,646,146,291,0.575342,232.0312,1254,1254
tear,Ultimate,0,Left,1025,646,146,291,0.424658,232.0312,1254,1254
tear,Ultimate,1,Front,99,941,173,296,0.50289,232.0312,1254,1254
tear,Ultimate,1,Back,411,940,148,296,0.537162,232.0312,1254,1254
tear,Ultimate,1,Right,693,941,146,295,0.520548,232.0312,1254,1254
tear,Ultimate,1,Left,1015,941,149,295,0.503356,232.0312,1254,1254
jade,Skill,0,Front,44,14,207,298,0.495169,229.6875,1254,1254
jade,Skill,0,Back,367,17,190,290,0.497368,229.6875,1254,1254
jade,Skill,0,Right,676,16,178,295,0.502809,229.6875,1254,1254
jade,Skill,0,Left,1025,23,175,289,0.514286,229.6875,1254,1254
jade,Skill,1,Front,22,366,220,235,0.55,229.6875,1254,1254
jade,Skill,1,Back,322,371,258,229,0.610465,229.6875,1254,1254
jade,Skill,1,Right,639,370,300,231,0.293333,229.6875,1254,1254
jade,Skill,1,Left,953,367,285,234,0.707018,229.6875,1254,1254
jade,Ultimate,0,Front,87,624,146,311,0.513699,229.6875,1254,1254
jade,Ultimate,0,Back,389,621,147,313,0.479592,229.6875,1254,1254
jade,Ultimate,0,Right,712,624,116,312,0.461207,229.6875,1254,1254
jade,Ultimate,0,Left,1053,624,116,312,0.530172,229.6875,1254,1254
jade,Ultimate,1,Front,64,946,208,292,0.473558,229.6875,1254,1254
jade,Ultimate,1,Back,357,946,201,292,0.529851,229.6875,1254,1254
jade,Ultimate,1,Right,698,949,164,291,0.472561,229.6875,1254,1254
jade,Ultimate,1,Left,1015,948,169,292,0.526627,229.6875,1254,1254
natalia,Skill,0,Front,57,4,211,315,0.388626,242.9688,1254,1254
natalia,Skill,0,Back,381,4,193,315,0.427461,242.9688,1254,1254
natalia,Skill,0,Right,701,4,181,315,0.361878,242.9688,1254,1254
natalia,Skill,0,Left,991,4,215,315,0.583721,242.9688,1254,1254
natalia,Skill,1,Front,61,336,215,288,0.360465,242.9688,1254,1254
natalia,Skill,1,Back,374,336,198,288,0.573232,242.9688,1254,1254
natalia,Skill,1,Right,699,336,201,288,0.333333,242.9688,1254,1254
natalia,Skill,1,Left,978,335,217,289,0.633641,242.9688,1254,1254
natalia,Ultimate,0,Front,82,626,187,307,0.347594,242.9688,1254,1254
natalia,Ultimate,0,Back,387,626,166,307,0.614458,242.9688,1254,1254
natalia,Ultimate,0,Right,714,629,173,304,0.33237,242.9688,1254,1254
natalia,Ultimate,0,Left,991,627,178,306,0.643258,242.9688,1254,1254
natalia,Ultimate,1,Front,54,934,202,309,0.465347,242.9688,1254,1254
natalia,Ultimate,1,Back,385,934,204,309,0.504902,242.9688,1254,1254
natalia,Ultimate,1,Right,684,933,187,310,0.475936,242.9688,1254,1254
natalia,Ultimate,1,Left,1000,934,205,309,0.526829,242.9688,1254,1254
alphen,Skill,0,Front,12,35,291,258,0.551546,203.125,1254,1254
alphen,Skill,0,Back,355,29,290,263,0.410345,203.125,1254,1254
alphen,Skill,0,Right,667,36,232,264,0.592672,203.125,1254,1254
alphen,Skill,0,Left,1034,37,209,263,0.425837,203.125,1254,1254
alphen,Skill,1,Front,63,321,252,302,0.498016,203.125,1254,1254
alphen,Skill,1,Back,369,325,229,299,0.49345,203.125,1254,1254
alphen,Skill,1,Right,664,304,281,327,0.457295,203.125,1254,1254
alphen,Skill,1,Left,977,307,259,324,0.579151,203.125,1254,1254
alphen,Ultimate,0,Front,59,634,225,303,0.5,203.125,1254,1254
alphen,Ultimate,0,Back,374,628,225,309,0.5,203.125,1254,1254
alphen,Ultimate,0,Right,681,627,222,319,0.538288,203.125,1254,1254
alphen,Ultimate,0,Left,1000,630,222,316,0.466216,203.125,1254,1254
alphen,Ultimate,1,Front,51,968,239,255,0.481172,203.125,1254,1254
alphen,Ultimate,1,Back,350,966,246,248,0.489837,203.125,1254,1254
alphen,Ultimate,1,Right,669,966,275,254,0.545455,203.125,1254,1254
alphen,Ultimate,1,Left,967,970,267,249,0.473783,203.125,1254,1254
shionne,Skill,0,Front,35,14,223,267,0.488789,206.25,1254,1254
shionne,Skill,0,Back,373,12,232,268,0.506466,206.25,1254,1254
shionne,Skill,0,Right,655,14,268,267,0.416045,206.25,1254,1254
shionne,Skill,0,Left,959,15,271,266,0.584871,206.25,1254,1254
shionne,Skill,1,Front,34,325,226,269,0.493363,206.25,1254,1254
shionne,Skill,1,Back,372,324,236,270,0.495763,206.25,1254,1254
shionne,Skill,1,Right,662,327,266,266,0.419173,206.25,1254,1254
shionne,Skill,1,Left,954,327,278,268,0.584532,206.25,1254,1254
shionne,Ultimate,0,Front,34,618,226,317,0.497788,206.25,1254,1254
shionne,Ultimate,0,Back,372,616,230,319,0.471739,206.25,1254,1254
shionne,Ultimate,0,Right,660,616,217,319,0.504608,206.25,1254,1254
shionne,Ultimate,0,Left,1004,616,217,319,0.493088,206.25,1254,1254
shionne,Ultimate,1,Front,32,951,239,284,0.472803,206.25,1254,1254
shionne,Ultimate,1,Back,355,953,248,282,0.528226,206.25,1254,1254
shionne,Ultimate,1,Right,656,953,253,282,0.5,206.25,1254,1254
shionne,Ultimate,1,Left,971,953,253,282,0.498024,206.25,1254,1254
kisara,Skill,0,Front,32,37,251,257,0.5,197.6562,1254,1254
kisara,Skill,0,Back,370,39,234,253,0.446581,197.6562,1254,1254
kisara,Skill,0,Right,669,42,227,252,0.497797,197.6562,1254,1254
kisara,Skill,0,Left,1005,41,226,253,0.497788,197.6562,1254,1254
kisara,Skill,1,Front,28,331,293,282,0.494881,197.6562,1254,1254
kisara,Skill,1,Back,355,337,250,275,0.51,197.6562,1254,1254
kisara,Skill,1,Right,656,332,280,281,0.496429,197.6562,1254,1254
kisara,Skill,1,Left,964,332,279,281,0.498208,197.6562,1254,1254
kisara,Ultimate,0,Front,32,625,242,339,0.497934,197.6562,1254,1254
kisara,Ultimate,0,Back,373,627,226,336,0.504425,197.6562,1254,1254
kisara,Ultimate,0,Right,681,626,204,338,0.497549,197.6562,1254,1254
kisara,Ultimate,0,Left,1014,625,205,339,0.497561,197.6562,1254,1254
kisara,Ultimate,1,Front,21,1000,258,235,0.498062,197.6562,1254,1254
kisara,Ultimate,1,Back,359,1010,249,223,0.497992,197.6562,1254,1254
kisara,Ultimate,1,Right,646,1000,265,238,0.498113,197.6562,1254,1254
kisara,Ultimate,1,Left,983,1000,256,238,0.498047,197.6562,1254,1254
