id,name,left,top,width,height,pivotX,ppu,sourceWidth,sourceHeight
cless,cless_Front,28,7,452,705,0.560841,547.6562,2172,724
cless,cless_Back,588,8,500,698,0.426,547.6562,2172,724
cless,cless_Right,1129,8,483,704,0.565217,547.6562,2172,724
cless,cless_Left,1658,8,485,703,0.441237,547.6562,2172,724
mint,mint_Front,121,9,340,705,0.475,547.6562,2172,724
mint,mint_Back,625,9,353,702,0.516997,547.6562,2172,724
mint,mint_Right,1182,10,338,704,0.442308,547.6562,2172,724
mint,mint_Left,1739,10,326,704,0.5,547.6562,2172,724
velvet,velvet_Front,22,6,521,715,0.535509,556.25,2172,724
velvet,velvet_Back,585,6,503,707,0.49006,556.25,2172,724
velvet,velvet_Right,1124,6,472,716,0.53178,556.25,2172,724
velvet,velvet_Left,1727,6,424,716,0.450472,556.25,2172,724
farah,farah_Front,72,8,414,703,0.498792,546.875,2172,724
farah,farah_Back,600,7,417,701,0.498801,546.875,2172,724
farah,farah_Right,1176,7,368,704,0.508152,546.875,2172,724
farah,farah_Left,1710,8,368,702,0.491848,546.875,2172,724
tear,tear_Front,111,10,391,708,0.537084,550.0,2172,724
tear,tear_Back,657,10,412,706,0.413835,550.0,2172,724
tear,tear_Right,1165,10,367,707,0.457766,550.0,2172,724
tear,tear_Left,1704,10,382,707,0.54712,550.0,2172,724
jade,jade_Front,100,0,341,711,0.532258,552.3438,2172,724
jade,jade_Back,659,1,324,705,0.475309,552.3438,2172,724
jade,jade_Right,1217,3,302,705,0.518212,552.3438,2172,724
jade,jade_Left,1753,3,298,706,0.454698,552.3438,2172,724
natalia,natalia_Front,187,12,326,702,0.441718,545.3125,2172,724
natalia,natalia_Back,677,12,313,697,0.460064,545.3125,2172,724
natalia,natalia_Right,1262,12,261,698,0.362069,545.3125,2172,724
natalia,natalia_Left,1710,12,256,698,0.591797,545.3125,2172,724
alphen,alphen_Front,112,2,404,709,0.445545,554.6875,2172,724
alphen,alphen_Back,641,2,397,700,0.507557,554.6875,2172,724
alphen,alphen_Right,1175,2,333,714,0.753754,554.6875,2172,724
alphen,alphen_Left,1766,3,338,711,0.269231,554.6875,2172,724
shionne,shionne_Front,14,10,518,700,0.488417,544.5312,2172,724
shionne,shionne_Back,572,7,516,701,0.499031,544.5312,2172,724
shionne,shionne_Right,1102,10,510,699,0.517647,544.5312,2172,724
shionne,shionne_Left,1695,11,463,697,0.49892,544.5312,2172,724
kisara,kisara_Front,47,12,486,699,0.467078,542.9688,2172,724
kisara,kisara_Back,648,12,424,697,0.498821,542.9688,2172,724
kisara,kisara_Right,1223,12,297,699,0.469697,542.9688,2172,724
kisara,kisara_Left,1774,12,325,698,0.473846,542.9688,2172,724
