id,level,mpCost,hpCost,previewDamage,actualDamage
cless.attack,1,0,0,14,14
cless.attack,50,0,0,156,156
cless.0,1,6,0,29,29
cless.0,50,6,0,206,206
cless.1,4,9,0,55,55
cless.1,50,9,0,246,246
cless.2,7,12,0,83,83
cless.2,50,12,0,287,287
cless.3,10,15,0,114,114
cless.3,50,15,0,327,327
cless.4,13,18,0,148,148
cless.4,50,18,0,367,367
cless.5,16,21,0,186,186
cless.5,50,21,0,408,390
cless.6,19,24,0,230,230
cless.6,50,24,0,448,390
cless.ultimate,20,30,0,392,390
cless.ultimate,50,30,0,720,390
mint.attack,1,0,0,1,1
mint.attack,50,0,0,56,56
mint.0,1,6,0,0,-77
mint.0,50,6,0,0,-195
mint.1,4,9,0,0,-154
mint.1,50,9,0,0,-195
mint.2,7,12,0,0,-139
mint.2,50,12,0,0,-195
mint.3,10,15,0,73,73
mint.3,50,15,0,260,260
mint.4,13,18,0,0,0
mint.4,50,18,0,0,0
mint.5,16,21,0,0,-195
mint.5,50,21,0,0,-195
mint.6,19,24,0,0,-390
mint.6,50,24,0,0,-390
mint.ultimate,20,30,0,0,0
mint.ultimate,50,30,0,0,0
velvet.attack,1,0,0,14,14
velvet.attack,50,0,0,156,156
velvet.0,1,6,19,0,19
velvet.0,50,6,54,0,54
velvet.1,1,9,0,74,74
velvet.1,50,9,0,357,357
velvet.2,1,12,0,56,56
velvet.2,50,12,0,297,297
velvet.3,1,15,0,192,192
velvet.3,50,15,0,645,390
velvet.ultimate,20,30,0,392,390
velvet.ultimate,50,30,0,720,390
farah.attack,1,0,0,14,14
farah.attack,50,0,0,156,156
farah.0,1,6,0,29,29
farah.0,50,6,0,206,206
farah.1,4,9,0,55,55
farah.1,50,9,0,246,246
farah.2,7,12,0,83,83
farah.2,50,12,0,287,287
farah.3,10,15,0,114,114
farah.3,50,15,0,327,327
farah.4,13,18,0,148,148
farah.4,50,18,0,367,367
farah.5,16,21,0,186,186
farah.5,50,21,0,408,390
farah.6,19,24,0,230,230
farah.6,50,24,0,448,390
farah.ultimate,19,50,0,383,383
farah.ultimate,50,50,0,720,390
tear.attack,1,0,0,1,1
tear.attack,50,0,0,56,56
tear.0,1,6,0,0,-62
tear.0,50,6,0,0,-195
tear.1,4,9,0,52,52
tear.1,50,9,0,284,284
tear.2,7,12,0,0,-106
tear.2,50,12,0,0,-195
tear.3,10,15,0,0,0
tear.3,50,15,0,0,0
tear.4,13,18,0,163,163
tear.4,50,18,0,436,390
tear.5,16,21,0,0,-273
tear.5,50,21,0,0,-273
tear.6,19,24,0,256,256
tear.6,50,24,0,529,390
tear.ultimate,20,30,0,435,390
tear.ultimate,50,30,0,845,390
jade.attack,1,0,0,1,1
jade.attack,50,0,0,56,56
jade.0,1,6,0,21,21
jade.0,50,6,0,186,186
jade.1,4,9,0,55,55
jade.1,50,9,0,295,295
jade.2,7,12,0,65,65
jade.2,50,12,0,257,257
jade.3,10,15,0,153,153
jade.3,50,15,0,486,390
jade.4,13,18,0,163,163
jade.4,50,18,0,436,390
jade.5,16,21,0,207,207
jade.5,50,21,0,483,390
jade.6,19,24,0,256,256
jade.6,50,24,0,529,390
jade.7,22,27,0,386,386
jade.7,50,27,0,720,390
jade.ultimate,20,30,0,397,390
jade.ultimate,50,30,0,775,390
natalia.attack,1,0,0,14,14
natalia.attack,50,0,0,156,156
natalia.0,1,6,0,29,29
natalia.0,50,6,0,206,206
natalia.1,4,9,0,55,55
natalia.1,50,9,0,246,246
natalia.2,7,12,0,0,-53
natalia.2,50,12,0,0,-122
natalia.3,10,15,0,114,114
natalia.3,50,15,0,327,327
natalia.4,13,18,0,148,148
natalia.4,50,18,0,367,367
natalia.5,16,21,0,0,-126
natalia.5,50,21,0,0,-195
natalia.6,19,24,0,0,0
natalia.6,50,24,0,0,0
natalia.ultimate,20,30,0,392,390
natalia.ultimate,50,30,0,720,390
alphen.attack,1,0,0,14,14
alphen.attack,50,0,0,156,156
alphen.0,1,6,0,29,29
alphen.0,50,6,0,206,206
alphen.1,4,9,0,55,55
alphen.1,50,9,0,246,246
alphen.2,7,12,0,83,83
alphen.2,50,12,0,287,287
alphen.3,10,15,0,114,114
alphen.3,50,15,0,327,327
alphen.4,13,0,42,162,162
alphen.4,50,0,80,397,390
alphen.5,16,0,59,243,243
alphen.5,50,0,107,518,390
alphen.6,19,0,79,337,337
alphen.6,50,0,134,639,390
alphen.ultimate,20,30,0,392,390
alphen.ultimate,50,30,0,720,390
shionne.attack,1,0,0,14,14
shionne.attack,50,0,0,156,156
shionne.0,1,6,0,29,29
shionne.0,50,6,0,206,206
shionne.1,4,9,0,0,-45
shionne.1,50,9,0,0,-114
shionne.2,7,12,0,83,83
shionne.2,50,12,0,287,287
shionne.3,10,15,0,114,114
shionne.3,50,15,0,327,327
shionne.4,13,18,0,0,-58
shionne.4,50,18,0,0,-114
shionne.5,16,21,0,47,47
shionne.5,50,21,0,120,120
shionne.6,19,24,0,0,-253
shionne.6,50,24,0,0,-253
shionne.ultimate,20,30,0,392,390
shionne.ultimate,50,30,0,720,390
kisara.attack,1,0,0,17,17
kisara.attack,50,0,0,194,194
kisara.0,1,6,0,32,32
kisara.0,50,6,0,245,245
kisara.1,4,9,0,69,69
kisara.1,50,9,0,308,308
kisara.2,7,12,0,103,103
kisara.2,50,12,0,358,358
kisara.3,10,15,0,142,142
kisara.3,50,15,0,409,390
kisara.4,13,18,0,185,185
kisara.4,50,18,0,459,390
kisara.5,16,21,0,233,233
kisara.5,50,21,0,509,390
kisara.6,19,24,0,288,288
kisara.6,50,24,0,560,390
kisara.ultimate,20,30,0,490,390
kisara.ultimate,50,30,0,900,390
enemy.attack,1,0,0,1,1
enemy.attack,50,0,0,68,68
