clear,stage,repeat,expReward,goldReward,level,exp,gold
1,1,False,120,120,2,20,420
2,2,False,180,180,3,0,600
3,2,True,90,90,3,90,690
4,2,True,90,90,3,180,780
5,2,True,90,90,3,270,870
6,2,True,90,90,4,60,960
7,2,True,90,90,4,150,1050
8,2,True,90,90,4,240,1140
9,2,True,90,90,4,330,1230
10,2,True,90,90,5,20,1320
11,2,True,90,90,5,110,1410
12,2,True,90,90,5,200,1500
13,2,True,90,90,5,290,1590
14,2,True,90,90,5,380,1680
15,2,True,90,90,5,470,1770
16,2,True,90,90,6,60,1860
17,2,True,90,90,6,150,1950
18,2,True,90,90,6,240,2040
19,2,True,90,90,6,330,2130
20,2,True,90,90,6,420,2220
