"utc","seconds","workingSetMB","privateMB","cpuSeconds","handles"
"2026-09-27T11:54:58.2583000Z","0.0123862","352.92578125","924.5390625","92.109375","949"
"2026-09-27T11:55:13.3361224Z","15.088413","352.625","924.22265625","95.484375","945"
"2026-09-27T11:55:28.3627127Z","30.114999","353.03515625","924.5546875","98.984375","947"
"2026-09-27T11:55:43.3926814Z","45.1449562","353.0234375","924.4296875","102.359375","945"
"2026-09-27T11:55:58.4227368Z","60.1750166","352.98828125","924.4921875","106.1875","945"
"2026-09-27T11:56:13.4600871Z","75.2123609","352.9453125","924.5546875","109.734375","945"
"2026-09-27T11:56:28.4974637Z","90.2497447","352.9296875","924.4921875","113.109375","945"
"2026-09-27T11:56:43.5269246Z","105.2792005","352.94921875","924.58984375","116.453125","945"
"2026-09-27T11:56:58.5637431Z","120.3160145","352.9453125","924.52734375","119.796875","943"
"2026-09-27T11:57:13.5976227Z","135.3499074","352.921875","924.46484375","123.46875","943"
"2026-09-27T11:57:28.6362344Z","150.3885069","353.14453125","924.46484375","126.890625","943"
"2026-09-27T11:57:43.6775431Z","165.4298319","353.1640625","924.46484375","130.203125","943"
"2026-09-27T11:57:58.7030708Z","180.4553448","353.30078125","924.46484375","133.546875","943"
"2026-09-27T11:58:13.7337298Z","195.4860039","353.30078125","924.46484375","137.359375","943"
"2026-09-27T11:58:28.7677267Z","210.5200137","353.3125","924.46484375","140.75","943"
"2026-09-27T11:58:43.8027281Z","225.5550127","353.47265625","924.5703125","144.1875","943"
"2026-09-27T11:58:58.8414481Z","240.5937219","353.4140625","924.4921875","147.28125","947"
"2026-09-27T11:59:13.8785928Z","255.6308638","353.71875","924.4921875","151.0625","945"
"2026-09-27T11:59:28.9162186Z","270.6684831","353.7421875","924.51171875","154.453125","945"
"2026-09-27T11:59:43.9507714Z","285.7030373","354.99609375","925.0859375","157.96875","951"
"2026-09-27T11:59:58.9861339Z","300.7384145","354.91015625","925.03125","161.625","951"
"2026-09-27T12:00:14.0194826Z","315.7717628","354.8984375","925","165.03125","945"
"2026-09-27T12:00:29.0582675Z","330.810547","354.8984375","925","168.46875","945"
"2026-09-27T12:00:44.0840117Z","345.8362812","354.8984375","925","171.9375","945"
"2026-09-27T12:00:59.1002424Z","360.85251","354.8984375","925","175.265625","945"
"2026-09-27T12:01:14.1387616Z","375.891038","354.8984375","925","178.53125","947"
"2026-09-27T12:01:29.1680898Z","390.9203587","354.8984375","925","182.3125","945"
"2026-09-27T12:01:44.2102314Z","405.9624998","354.765625","925","185.609375","947"
"2026-09-27T12:01:59.2426159Z","420.9948824","354.75","924.9375","189.3125","947"
"2026-09-27T12:02:14.2733792Z","436.0256507","361.390625","952.90625","193.1875","947"
"2026-09-27T12:02:29.3124718Z","451.0647492","362.7890625","953.34765625","197.140625","947"
"2026-09-27T12:02:44.3526876Z","466.1049472","363.4453125","953.28515625","201.546875","949"
"2026-09-27T12:02:59.3886698Z","481.1409488","363.60546875","953.28515625","205.921875","947"
"2026-09-27T12:03:14.4164363Z","496.1686991","364.02734375","953.47265625","210.59375","949"
"2026-09-27T12:03:29.4515725Z","511.2038346","364.296875","953.5625","214.96875","947"
"2026-09-27T12:03:44.4837412Z","526.2360026","364.296875","953.5625","219.25","947"
"2026-09-27T12:03:59.5208175Z","541.2730822","364.4609375","953.8125","223.515625","947"
"2026-09-27T12:04:14.5536586Z","556.3059171","364.484375","953.96875","227.53125","947"
"2026-09-27T12:04:29.5876275Z","571.3398864","364.2734375","953.7265625","231.796875","949"
"2026-09-27T12:04:44.6120449Z","586.3643061","364.27734375","953.7265625","235.578125","947"
"2026-09-27T12:04:59.6517139Z","601.4039819","364.43359375","954.0390625","240.09375","947"
"2026-09-27T12:05:14.6909450Z","616.4432053","364.3359375","953.890625","244.515625","947"
"2026-09-27T12:05:29.7205267Z","631.4727932","370.5078125","958.51953125","249.015625","947"
"2026-09-27T12:05:44.7602327Z","646.5124938","370.4765625","958.28125","253.65625","947"
"2026-09-27T12:05:59.7905636Z","661.5428245","370.7734375","958.640625","257.8125","950"
"2026-09-27T12:06:14.8317020Z","676.5839626","370.77734375","958.640625","262.171875","947"
"2026-09-27T12:06:29.8660196Z","691.6182798","370.546875","958.40625","266.203125","949"
"2026-09-27T12:06:44.8992660Z","706.651527","370.69140625","958.55859375","270.28125","947"
"2026-09-27T12:06:59.9341397Z","721.6864065","370.69921875","958.55859375","274.46875","947"
"2026-09-27T12:07:14.9622193Z","736.7144811","370.67578125","958.67578125","278.484375","947"
"2026-09-27T12:07:30.0029591Z","751.7552196","370.55859375","958.55859375","282.875","947"
"2026-09-27T12:07:45.0304073Z","766.7826711","370.56640625","958.55859375","287.265625","947"
"2026-09-27T12:08:00.0612525Z","781.8135257","370.80078125","958.79296875","291.734375","947"
"2026-09-27T12:08:15.1211029Z","796.8733628","370.80859375","958.79296875","296.25","947"
"2026-09-27T12:08:30.1466247Z","811.898968","370.9375","958.91796875","300.25","947"
"2026-09-27T12:08:45.1794632Z","826.9317232","370.9375","958.91796875","304.734375","947"
"2026-09-27T12:09:00.2073635Z","841.9596258","370.9296875","958.88671875","308.9375","943"
"2026-09-27T12:09:15.2390363Z","856.9912984","370.94921875","958.91796875","313.296875","947"
"2026-09-27T12:09:30.2664749Z","872.0187329","370.96875","959.13671875","317.65625","947"
"2026-09-27T12:09:45.2939071Z","887.04617","370.96875","959.13671875","322.015625","947"
"2026-09-27T12:10:00.3209599Z","902.0732205","370.9765625","959.13671875","326.421875","947"
"2026-09-27T12:10:15.3566523Z","917.1089361","370.984375","959.19921875","330.96875","947"
"2026-09-27T12:10:30.3830011Z","932.1352583","370.98046875","959.13671875","335.875","947"
"2026-09-27T12:10:45.4199778Z","947.1722354","370.98046875","959.13671875","340.125","947"
"2026-09-27T12:11:00.4599218Z","962.212189","370.984375","959.13671875","344.671875","947"
"2026-09-27T12:11:15.4965512Z","977.2488283","370.984375","959.13671875","349.328125","947"
"2026-09-27T12:11:30.5230415Z","992.2753012","370.98828125","959.19921875","353.515625","947"
"2026-09-27T12:11:45.5503173Z","1007.3025786","371.01953125","959.19921875","357.6875","947"
"2026-09-27T12:12:00.5783856Z","1022.3306863","371.14453125","959.921875","361.890625","947"
"2026-09-27T12:12:15.6164015Z","1037.3686587","371.14453125","959.921875","366.28125","947"
"2026-09-27T12:12:30.6475141Z","1052.3997713","371.14453125","959.921875","370.3125","947"
"2026-09-27T12:12:45.6827735Z","1067.4350337","371.1484375","959.921875","374.65625","947"
"2026-09-27T12:13:00.7162278Z","1082.4684846","371.1484375","959.921875","379.125","947"
"2026-09-27T12:13:15.7543917Z","1097.5066482","371.15625","959.921875","383.375","949"
"2026-09-27T12:13:30.7911802Z","1112.5434401","371.1484375","959.890625","388.09375","943"
"2026-09-27T12:13:45.8284005Z","1127.5806599","371.68359375","962.16015625","392.8125","947"
"2026-09-27T12:14:00.8691648Z","1142.6214407","371.69140625","962.1640625","397.171875","947"
"2026-09-27T12:14:15.9090572Z","1157.661322","371.68359375","962.28515625","402.015625","947"
"2026-09-27T12:14:30.9678013Z","1172.7200594","371.68359375","962.28515625","406.265625","947"
"2026-09-27T12:14:45.9948581Z","1187.7471203","371.70703125","962.4140625","410.796875","947"
"2026-09-27T12:15:01.0350616Z","1202.7873363","371.68359375","962.28515625","415.265625","947"
"2026-09-27T12:15:16.0676448Z","1217.8199017","371.7890625","962.4453125","419.265625","949"
"2026-09-27T12:15:31.0957392Z","1232.8479979","371.79296875","962.4453125","423.828125","947"
"2026-09-27T12:15:46.1358399Z","1247.888097","371.7890625","962.37890625","428.265625","947"
"2026-09-27T12:16:01.1648961Z","1262.9171531","371.8125","962.5078125","432.5","947"
"2026-09-27T12:16:16.1963383Z","1277.9485952","371.79296875","962.37890625","436.796875","947"
"2026-09-27T12:16:31.2233198Z","1292.975587","371.796875","962.37890625","441.25","947"
"2026-09-27T12:16:46.2600613Z","1308.012324","371.796875","962.37890625","445.40625","947"
"2026-09-27T12:17:01.2903037Z","1323.0425664","371.8203125","962.5078125","450.25","947"
"2026-09-27T12:17:16.3224351Z","1338.0747004","371.82421875","962.5078125","454.65625","947"
"2026-09-27T12:17:31.3599337Z","1353.1121916","371.82421875","962.5078125","459.25","947"
"2026-09-27T12:17:46.3980348Z","1368.1502918","371.8203125","962.3828125","463.796875","947"
"2026-09-27T12:18:01.4305322Z","1383.1827898","371.75","962.3515625","468.078125","943"
"2026-09-27T12:18:16.4660681Z","1398.2183267","371.77734375","962.3828125","472.375","947"
"2026-09-27T12:18:31.5039331Z","1413.2561892","371.78515625","962.3828125","477.140625","947"
"2026-09-27T12:18:46.5396651Z","1428.2919253","371.78515625","962.3828125","481.40625","947"
"2026-09-27T12:19:01.5666156Z","1443.3188744","371.80859375","962.51171875","485.671875","947"
"2026-09-27T12:19:16.5973423Z","1458.3496021","371.7890625","962.5078125","490.328125","947"
"2026-09-27T12:19:31.6371894Z","1473.3894737","371.7890625","962.5078125","494.578125","947"
"2026-09-27T12:19:46.6706771Z","1488.4229364","371.796875","962.57421875","498.328125","947"
"2026-09-27T12:20:01.7053349Z","1503.457596","371.796875","962.57421875","502.734375","947"
"2026-09-27T12:20:16.7445274Z","1518.4967842","371.8125","962.5078125","507.15625","947"
"2026-09-27T12:20:31.7842996Z","1533.5365563","371.81640625","962.5078125","511.203125","948"
"2026-09-27T12:20:46.8400379Z","1548.5922943","371.86328125","962.5078125","515.28125","947"
"2026-09-27T12:21:01.8726273Z","1563.6248864","371.88671875","962.63671875","519.765625","947"
"2026-09-27T12:21:16.9120706Z","1578.6643417","371.8671875","962.5078125","524.171875","947"
"2026-09-27T12:21:31.9445870Z","1593.6968523","371.8671875","962.5078125","528.3125","947"
"2026-09-27T12:21:46.9731794Z","1608.7254367","371.8671875","962.5078125","532.59375","947"
"2026-09-27T12:22:02.0065943Z","1623.7588606","371.94140625","962.5390625","537.171875","953"
"2026-09-27T12:22:17.0333953Z","1638.785654","371.953125","962.60546875","542.359375","953"
"2026-09-27T12:22:32.0733065Z","1653.8255625","371.953125","962.60546875","546.53125","953"
"2026-09-27T12:22:47.1105885Z","1668.8628466","371.9453125","962.5390625","550.875","953"
"2026-09-27T12:23:02.1373472Z","1683.8896237","290.4921875","962.5390625","555.390625","953"
"2026-09-27T12:23:17.1714023Z","1698.9236593","290.4921875","962.5390625","559.859375","953"
"2026-09-27T12:23:32.1962755Z","1713.948554","290.4921875","962.5390625","564.125","953"
"2026-09-27T12:23:47.2271261Z","1728.9793824","290.4921875","962.5390625","568.3125","953"
"2026-09-27T12:24:02.2673140Z","1744.0195757","290.48046875","962.51171875","572.625","949"
"2026-09-27T12:24:17.3089427Z","1759.0612005","290.48046875","962.51171875","576.65625","949"
"2026-09-27T12:24:32.3435615Z","1774.0958188","290.48046875","962.51171875","580.859375","949"
"2026-09-27T12:24:47.3809659Z","1789.1332319","290.48046875","962.51171875","585.453125","949"
